<?xml version="1.0"?>
<Runs Version="1" Minor="0">
	<Run Id="design_1_axis_subset_converter_0_1_synth_1" LaunchDir="C:/BIST/ZC702_Xilinx_Mixer/ZC702_Xilinx_Mixer.runs/design_1_axis_subset_converter_0_1_synth_1" FlowId="Vivado_Synthesis" FromStepId="vivado" ToStepId="vivado"/>
	<Run Id="design_1_clk_wiz_0_1_synth_1" LaunchDir="C:/BIST/ZC702_Xilinx_Mixer/ZC702_Xilinx_Mixer.runs/design_1_clk_wiz_0_1_synth_1" FlowId="Vivado_Synthesis" FromStepId="vivado" ToStepId="vivado"/>
	<Run Id="impl_1" LaunchDir="C:/BIST/ZC702_Xilinx_Mixer/ZC702_Xilinx_Mixer.runs/impl_1" FlowId="Vivado_Implementation" FromStepId="write_bitstream" ToStepId="write_bitstream">
		<Parent Id="design_1_axis_subset_converter_0_1_synth_1"/>
		<Parent Id="design_1_clk_wiz_0_1_synth_1"/>
	</Run>
	<Parameters>
		<Parameter Name="runs.monitorLSFJobs" Val="true" Type="bool"/>
		<Parameter Name="runs.enableClusterConf" Val="true" Type="bool"/>
	</Parameters>
</Runs>

