<?xml version="1.0"?>
<Runs Version="1" Minor="0">
	<Run Id="design_1_v_axi4s_vid_out_0_0_synth_1" LaunchDir="C:/BIST/ZC702_Xilinx_Mixer/ZC702_Xilinx_Mixer.runs/design_1_v_axi4s_vid_out_0_0_synth_1" FlowId="Vivado_Synthesis" FromStepId="vivado" ToStepId="vivado"/>
	<Run Id="design_1_axis_subset_converter_0_0_synth_1" LaunchDir="C:/BIST/ZC702_Xilinx_Mixer/ZC702_Xilinx_Mixer.runs/design_1_axis_subset_converter_0_0_synth_1" FlowId="Vivado_Synthesis" FromStepId="vivado" ToStepId="vivado"/>
	<Run Id="design_1_axi_gpio_0_0_synth_1" LaunchDir="C:/BIST/ZC702_Xilinx_Mixer/ZC702_Xilinx_Mixer.runs/design_1_axi_gpio_0_0_synth_1" FlowId="Vivado_Synthesis" FromStepId="vivado" ToStepId="vivado"/>
	<Run Id="design_1_v_mix_0_0_synth_1" LaunchDir="C:/BIST/ZC702_Xilinx_Mixer/ZC702_Xilinx_Mixer.runs/design_1_v_mix_0_0_synth_1" FlowId="Vivado_Synthesis" FromStepId="vivado" ToStepId="vivado"/>
	<Run Id="design_1_axi_gpio_1_0_synth_1" LaunchDir="C:/BIST/ZC702_Xilinx_Mixer/ZC702_Xilinx_Mixer.runs/design_1_axi_gpio_1_0_synth_1" FlowId="Vivado_Synthesis" FromStepId="vivado" ToStepId="vivado"/>
	<Run Id="design_1_axi_iic_0_0_synth_1" LaunchDir="C:/BIST/ZC702_Xilinx_Mixer/ZC702_Xilinx_Mixer.runs/design_1_axi_iic_0_0_synth_1" FlowId="Vivado_Synthesis" FromStepId="vivado" ToStepId="vivado"/>
	<Run Id="design_1_xbar_1_synth_1" LaunchDir="C:/BIST/ZC702_Xilinx_Mixer/ZC702_Xilinx_Mixer.runs/design_1_xbar_1_synth_1" FlowId="Vivado_Synthesis" FromStepId="vivado" ToStepId="vivado"/>
	<Run Id="design_1_auto_pc_1_synth_1" LaunchDir="C:/BIST/ZC702_Xilinx_Mixer/ZC702_Xilinx_Mixer.runs/design_1_auto_pc_1_synth_1" FlowId="Vivado_Synthesis" FromStepId="vivado" ToStepId="vivado"/>
	<Run Id="design_1_rst_clk_wiz_0_148M_1_synth_1" LaunchDir="C:/BIST/ZC702_Xilinx_Mixer/ZC702_Xilinx_Mixer.runs/design_1_rst_clk_wiz_0_148M_1_synth_1" FlowId="Vivado_Synthesis" FromStepId="vivado" ToStepId="vivado"/>
	<Run Id="design_1_xbar_0_synth_1" LaunchDir="C:/BIST/ZC702_Xilinx_Mixer/ZC702_Xilinx_Mixer.runs/design_1_xbar_0_synth_1" FlowId="Vivado_Synthesis" FromStepId="vivado" ToStepId="vivado"/>
	<Run Id="design_1_auto_pc_0_synth_1" LaunchDir="C:/BIST/ZC702_Xilinx_Mixer/ZC702_Xilinx_Mixer.runs/design_1_auto_pc_0_synth_1" FlowId="Vivado_Synthesis" FromStepId="vivado" ToStepId="vivado"/>
	<Run Id="design_1_v_tpg_0_0_synth_1" LaunchDir="C:/BIST/ZC702_Xilinx_Mixer/ZC702_Xilinx_Mixer.runs/design_1_v_tpg_0_0_synth_1" FlowId="Vivado_Synthesis" FromStepId="vivado" ToStepId="vivado"/>
	<Run Id="design_1_processing_system7_0_0_synth_1" LaunchDir="C:/BIST/ZC702_Xilinx_Mixer/ZC702_Xilinx_Mixer.runs/design_1_processing_system7_0_0_synth_1" FlowId="Vivado_Synthesis" FromStepId="vivado" ToStepId="vivado"/>
	<Run Id="design_1_v_tc_0_0_synth_1" LaunchDir="C:/BIST/ZC702_Xilinx_Mixer/ZC702_Xilinx_Mixer.runs/design_1_v_tc_0_0_synth_1" FlowId="Vivado_Synthesis" FromStepId="vivado" ToStepId="vivado"/>
	<Run Id="design_1_clk_wiz_0_0_synth_1" LaunchDir="C:/BIST/ZC702_Xilinx_Mixer/ZC702_Xilinx_Mixer.runs/design_1_clk_wiz_0_0_synth_1" FlowId="Vivado_Synthesis" FromStepId="vivado" ToStepId="vivado"/>
	<Run Id="synth_1" LaunchDir="C:/BIST/ZC702_Xilinx_Mixer/ZC702_Xilinx_Mixer.runs/synth_1" FlowId="Vivado_Synthesis" FromStepId="vivado" ToStepId="vivado">
		<Parent Id="design_1_v_axi4s_vid_out_0_0_synth_1"/>
		<Parent Id="design_1_axis_subset_converter_0_0_synth_1"/>
		<Parent Id="design_1_axi_gpio_0_0_synth_1"/>
		<Parent Id="design_1_v_mix_0_0_synth_1"/>
		<Parent Id="design_1_axi_gpio_1_0_synth_1"/>
		<Parent Id="design_1_axi_iic_0_0_synth_1"/>
		<Parent Id="design_1_xbar_1_synth_1"/>
		<Parent Id="design_1_auto_pc_1_synth_1"/>
		<Parent Id="design_1_rst_clk_wiz_0_148M_1_synth_1"/>
		<Parent Id="design_1_xbar_0_synth_1"/>
		<Parent Id="design_1_auto_pc_0_synth_1"/>
		<Parent Id="design_1_v_tpg_0_0_synth_1"/>
		<Parent Id="design_1_processing_system7_0_0_synth_1"/>
		<Parent Id="design_1_v_tc_0_0_synth_1"/>
		<Parent Id="design_1_clk_wiz_0_0_synth_1"/>
	</Run>
	<Run Id="impl_1" LaunchDir="C:/BIST/ZC702_Xilinx_Mixer/ZC702_Xilinx_Mixer.runs/impl_1" FlowId="Vivado_Implementation" FromStepId="init_design" ToStepId="write_bitstream">
		<Parent Id="synth_1"/>
		<Parent Id="design_1_v_axi4s_vid_out_0_0_synth_1"/>
		<Parent Id="design_1_axis_subset_converter_0_0_synth_1"/>
		<Parent Id="design_1_axi_gpio_0_0_synth_1"/>
		<Parent Id="design_1_v_mix_0_0_synth_1"/>
		<Parent Id="design_1_axi_gpio_1_0_synth_1"/>
		<Parent Id="design_1_axi_iic_0_0_synth_1"/>
		<Parent Id="design_1_xbar_1_synth_1"/>
		<Parent Id="design_1_auto_pc_1_synth_1"/>
		<Parent Id="design_1_rst_clk_wiz_0_148M_1_synth_1"/>
		<Parent Id="design_1_xbar_0_synth_1"/>
		<Parent Id="design_1_auto_pc_0_synth_1"/>
		<Parent Id="design_1_v_tpg_0_0_synth_1"/>
		<Parent Id="design_1_processing_system7_0_0_synth_1"/>
		<Parent Id="design_1_v_tc_0_0_synth_1"/>
		<Parent Id="design_1_clk_wiz_0_0_synth_1"/>
	</Run>
	<Parameters>
		<Parameter Name="runs.monitorLSFJobs" Val="true" Type="bool"/>
		<Parameter Name="runs.enableClusterConf" Val="true" Type="bool"/>
	</Parameters>
</Runs>

